{
  "timestamp": "2026-06-09T22:36:04.677240",
  "seeds": [
    42,
    7,
    123
  ],
  "runs": [
    {
      "seed": 42,
      "ratio": 0.9798321048321048,
      "sdpc": 0.9571,
      "bp": 0.9768
    },
    {
      "seed": 7,
      "ratio": 0.9824525397639815,
      "sdpc": 0.9574,
      "bp": 0.9745
    },
    {
      "seed": 123,
      "ratio": 0.9782898105478751,
      "sdpc": 0.9553,
      "bp": 0.9765
    }
  ],
  "min_ratio": 0.9782898105478751,
  "verdict": "SOLID PASS"
}