{
  "exp": "exp033_backtrack_retry",
  "cycle": 47,
  "hypothesis": "H-V4-1l",
  "claim": "reintentar el paso fallido (RETRY desde el pool) en vez de abstener la cadena recupera cobertura sin perder precisión, a igual presupuesto total",
  "verdict": "MIXTA",
  "stats": {
    "Kmax": 6,
    "vmod": 0.1,
    "at_hard": {
      "abstain_cov": 0.5083333333333334,
      "abstain_prec": 0.16424056267806267,
      "retry_cov": 0.7020833333333334,
      "retry_prec": 0.1845207193271494,
      "cov_gain": 0.19374999999999998,
      "prec_drop": -0.020280156649086726
    },
    "best_regime": "6|0.1",
    "best": {
      "abstain_cov": 0.5083333333333334,
      "abstain_prec": 0.16424056267806267,
      "retry_cov": 0.7020833333333334,
      "retry_prec": 0.1845207193271494,
      "cov_gain": 0.19374999999999998,
      "prec_drop": -0.020280156649086726
    },
    "curve": {
      "2|0.0": {
        "abstain_cov": 0.5395833333333333,
        "abstain_prec": 1.0,
        "retry_cov": 0.5395833333333333,
        "retry_prec": 1.0,
        "cov_gain": 0.0,
        "prec_drop": 0.0
      },
      "2|0.1": {
        "abstain_cov": 0.7312500000000001,
        "abstain_prec": 0.5660185683889444,
        "retry_cov": 0.7312500000000001,
        "retry_prec": 0.5660185683889444,
        "cov_gain": 0.0,
        "prec_drop": 0.0
      },
      "2|0.2": {
        "abstain_cov": 0.8083333333333333,
        "abstain_prec": 0.32982627900419237,
        "retry_cov": 0.8083333333333333,
        "retry_prec": 0.32982627900419237,
        "cov_gain": 0.0,
        "prec_drop": 0.0
      },
      "4|0.0": {
        "abstain_cov": 0.4270833333333333,
        "abstain_prec": 1.0,
        "retry_cov": 0.4395833333333333,
        "retry_prec": 1.0,
        "cov_gain": 0.012499999999999983,
        "prec_drop": 0.0
      },
      "4|0.1": {
        "abstain_cov": 0.6166666666666667,
        "abstain_prec": 0.317481684981685,
        "retry_cov": 0.6937499999999999,
        "retry_prec": 0.27961583767010745,
        "cov_gain": 0.07708333333333331,
        "prec_drop": 0.03786584731157753
      },
      "4|0.2": {
        "abstain_cov": 0.7916666666666667,
        "abstain_prec": 0.11596075834523896,
        "retry_cov": 0.8416666666666667,
        "retry_prec": 0.12545412545900406,
        "cov_gain": 0.050000000000000044,
        "prec_drop": -0.009493367113765097
      },
      "6|0.0": {
        "abstain_cov": 0.29583333333333334,
        "abstain_prec": 1.0,
        "retry_cov": 0.37083333333333335,
        "retry_prec": 1.0,
        "cov_gain": 0.07499999999999998,
        "prec_drop": 0.0
      },
      "6|0.1": {
        "abstain_cov": 0.5083333333333334,
        "abstain_prec": 0.16424056267806267,
        "retry_cov": 0.7020833333333334,
        "retry_prec": 0.1845207193271494,
        "cov_gain": 0.19374999999999998,
        "prec_drop": -0.020280156649086726
      },
      "6|0.2": {
        "abstain_cov": 0.7541666666666667,
        "abstain_prec": 0.05349254784738655,
        "retry_cov": 0.8645833333333333,
        "retry_prec": 0.04026662689747393,
        "cov_gain": 0.11041666666666664,
        "prec_drop": 0.01322592094991263
      }
    },
    "recovers_at_hard": true,
    "useful_somewhere": false,
    "recovers_somewhere": true,
    "prec_floor": 0.5,
    "n_seeds": 4
  },
  "args": {
    "smoke": false,
    "seeds": "0,1,2,3",
    "M": 120,
    "avg": 4,
    "per_step_cap": 8,
    "retry_extra": 8,
    "Ks": "2,4,6",
    "noises": "0,0.1,0.2",
    "top_k": 16,
    "temperature": 1.0,
    "cov_margin": 0.1,
    "prec_tol": 0.1,
    "n_seed": 256,
    "base_steps": 600,
    "base_lr": 0.001,
    "warmup": 50,
    "batch": 32,
    "lo": 0,
    "hi": 19,
    "test_frac": 0.3
  },
  "Ks": [
    2,
    4,
    6
  ],
  "noises": [
    0.0,
    0.1,
    0.2
  ],
  "seeds": [
    {
      "seed": 0,
      "npar": 201280,
      "secs": 128.0,
      "by": {
        "2|0.0": {
          "abstain_cov": 0.35833333333333334,
          "abstain_prec": 1.0,
          "retry_cov": 0.35833333333333334,
          "retry_prec": 1.0,
          "cov_gain": 0.0,
          "prec_drop": 0.0
        },
        "2|0.1": {
          "abstain_cov": 0.65,
          "abstain_prec": 0.5,
          "retry_cov": 0.65,
          "retry_prec": 0.5,
          "cov_gain": 0.0,
          "prec_drop": 0.0
        },
        "2|0.2": {
          "abstain_cov": 0.7083333333333334,
          "abstain_prec": 0.23529411764705882,
          "retry_cov": 0.7083333333333334,
          "retry_prec": 0.23529411764705882,
          "cov_gain": 0.0,
          "prec_drop": 0.0
        },
        "4|0.0": {
          "abstain_cov": 0.225,
          "abstain_prec": 1.0,
          "retry_cov": 0.225,
          "retry_prec": 1.0,
          "cov_gain": 0.0,
          "prec_drop": 0.0
        },
        "4|0.1": {
          "abstain_cov": 0.43333333333333335,
          "abstain_prec": 0.25,
          "retry_cov": 0.5583333333333333,
          "retry_prec": 0.29850746268656714,
          "cov_gain": 0.125,
          "prec_drop": -0.04850746268656714
        },
        "4|0.2": {
          "abstain_cov": 0.7,
          "abstain_prec": 0.07142857142857142,
          "retry_cov": 0.7666666666666667,
          "retry_prec": 0.06521739130434782,
          "cov_gain": 0.06666666666666676,
          "prec_drop": 0.0062111801242236
        },
        "6|0.0": {
          "abstain_cov": 0.14166666666666666,
          "abstain_prec": 1.0,
          "retry_cov": 0.15,
          "retry_prec": 1.0,
          "cov_gain": 0.008333333333333331,
          "prec_drop": 0.0
        },
        "6|0.1": {
          "abstain_cov": 0.4,
          "abstain_prec": 0.08333333333333333,
          "retry_cov": 0.525,
          "retry_prec": 0.12698412698412698,
          "cov_gain": 0.125,
          "prec_drop": -0.04365079365079365
        },
        "6|0.2": {
          "abstain_cov": 0.6166666666666667,
          "abstain_prec": 0.02702702702702703,
          "retry_cov": 0.825,
          "retry_prec": 0.020202020202020204,
          "cov_gain": 0.20833333333333326,
          "prec_drop": 0.006825006825006825
        }
      }
    },
    {
      "seed": 1,
      "npar": 201280,
      "secs": 139.19,
      "by": {
        "2|0.0": {
          "abstain_cov": 0.625,
          "abstain_prec": 1.0,
          "retry_cov": 0.625,
          "retry_prec": 1.0,
          "cov_gain": 0.0,
          "prec_drop": 0.0
        },
        "2|0.1": {
          "abstain_cov": 0.7166666666666667,
          "abstain_prec": 0.5348837209302325,
          "retry_cov": 0.7166666666666667,
          "retry_prec": 0.5348837209302325,
          "cov_gain": 0.0,
          "prec_drop": 0.0
        },
        "2|0.2": {
          "abstain_cov": 0.875,
          "abstain_prec": 0.3523809523809524,
          "retry_cov": 0.875,
          "retry_prec": 0.3523809523809524,
          "cov_gain": 0.0,
          "prec_drop": 0.0
        },
        "4|0.0": {
          "abstain_cov": 0.4666666666666667,
          "abstain_prec": 1.0,
          "retry_cov": 0.475,
          "retry_prec": 1.0,
          "cov_gain": 0.008333333333333304,
          "prec_drop": 0.0
        },
        "4|0.1": {
          "abstain_cov": 0.625,
          "abstain_prec": 0.28,
          "retry_cov": 0.7333333333333333,
          "retry_prec": 0.2840909090909091,
          "cov_gain": 0.10833333333333328,
          "prec_drop": -0.0040909090909090895
        },
        "4|0.2": {
          "abstain_cov": 0.7916666666666666,
          "abstain_prec": 0.12631578947368421,
          "retry_cov": 0.8416666666666667,
          "retry_prec": 0.13861386138613863,
          "cov_gain": 0.050000000000000044,
          "prec_drop": -0.012298071912454411
        },
        "6|0.0": {
          "abstain_cov": 0.325,
          "abstain_prec": 1.0,
          "retry_cov": 0.36666666666666664,
          "retry_prec": 1.0,
          "cov_gain": 0.04166666666666663,
          "prec_drop": 0.0
        },