{
  "exp": "exp038_real_verifier_ceiling",
  "cycle": 52,
  "hypothesis": "H-V4-2e",
  "claim": "el lazo iterado + guardia con VERIFICADOR REAL bootstrapea un base débil a un techo alto y plateable, igual que el oráculo exacto (CYCLE 49)",
  "verdict": "APOYADA",
  "stats": {
    "margin": 0.1054,
    "real_plain": [
      0.08146666666666667,
      0.25556666666666666,
      0.3740666666666666,
      0.4592666666666667,
      0.5296333333333334,
      0.6444333333333333,
      0.6703666666666667,
      0.6629666666666667,
      0.6703333333333333,
      0.7000000000000001,
      0.6926
    ],
    "real_guarded": [
      0.08146666666666667,
      0.7111,
      0.7852,
      0.8851666666666667,
      0.8925666666666667,
      0.8926333333333334,
      0.9222,
      0.9407666666666668,
      0.9333666666666667,
      0.8962666666666667,
      0.9333666666666667
    ],
    "cov_guarded": [
      0.0,
      43.333333333333336,
      133.33333333333334,
      138.66666666666666,
      141.66666666666666,
      143.33333333333334,
      143.33333333333334,
      144.0,
      144.33333333333334,
      144.66666666666666,
      144.66666666666666
    ],
    "degen_guarded": [
      0.0,
      0.0,
      0.0,
      0.0,
      0.0,
      0.0,
      0.0,
      0.0,
      0.0,
      0.0,
      0.0
    ],
    "base": 0.08146666666666667,
    "final_guarded": 0.9333666666666667,
    "peak_guarded": 0.9407666666666668,
    "peak_round": 7,
    "gain": 0.8519,
    "bootstraps": true,
    "non_decreasing": true,
    "collapses": false,
    "plateau_round": 3,
    "flattened": true,
    "plateaus": true,
    "n_seeds": 3
  },
  "args": {
    "smoke": false,
    "seeds": "0,1,2",
    "rounds": 10,
    "K": 6,
    "pool": 256,
    "replay_n": 128,
    "steps": 200,
    "lr": 0.0005,
    "top_k": 20,
    "temperature": 0.9,
    "n_seed": 256,
    "base_steps": 125,
    "base_lr": 0.001,
    "warmup": 50,
    "batch": 32,
    "test_frac": 0.3
  },
  "seeds": [
    {
      "seed": 0,
      "npar": 201280,
      "secs": 207.86,
      "base": {
        "real_acc": 0.14444444444444443,
        "weak_acc": 0.14444444444444443,
        "degenerate": 0.0
      },
      "plain": [
        {
          "round": 0,
          "real": 0.1444,
          "coverage": 0,
          "degen": 0.0
        },
        {
          "round": 1,
          "real": 0.5222,
          "coverage": 55,
          "degen": 0.0
        },
        {
          "round": 2,
          "real": 0.7111,
          "coverage": 119,
          "degen": 0.0
        },
        {
          "round": 3,
          "real": 0.8444,
          "coverage": 133,
          "degen": 0.0
        },
        {
          "round": 4,
          "real": 0.8889,
          "coverage": 140,
          "degen": 0.0
        },
        {
          "round": 5,
          "real": 0.9333,
          "coverage": 142,
          "degen": 0.0
        },
        {
          "round": 6,
          "real": 0.8889,
          "coverage": 142,
          "degen": 0.0
        },
        {
          "round": 7,
          "real": 0.8778,
          "coverage": 143,
          "degen": 0.0
        },
        {
          "round": 8,
          "real": 0.8444,
          "coverage": 143,
          "degen": 0.0
        },
        {
          "round": 9,
          "real": 0.9111,
          "coverage": 143,
          "degen": 0.0
        },
        {
          "round": 10,
          "real": 0.8889,
          "coverage": 143,
          "degen": 0.0
        }
      ],
      "guarded": [
        {
          "round": 0,
          "real": 0.1444,
          "coverage": 0,
          "degen": 0.0
        },
        {
          "round": 1,
          "real": 0.8444,
          "coverage": 55,
          "degen": 0.0
        },
        {
          "round": 2,
          "real": 0.9,
          "coverage": 140,
          "degen": 0.0
        },
        {
          "round": 3,
          "real": 0.9333,
          "coverage": 144,
          "degen": 0.0
        },
        {
          "round": 4,
          "real": 0.9444,
          "coverage": 146,
          "degen": 0.0
        },
        {
          "round": 5,
          "real": 0.9556,
          "coverage": 147,
          "degen": 0.0
        },
        {
          "round": 6,
          "real": 0.9444,
          "coverage": 148,
          "degen": 0.0
        },
        {
          "round": 7,
          "real": 0.9556,
          "coverage": 147,
          "degen": 0.0
        },
        {
          "round": 8,
          "real": 0.9556,
          "coverage": 148,
          "degen": 0.0
        },
        {
          "round": 9,
          "real": 0.9444,
          "coverage": 148,
          "degen": 0.0
        },
        {
          "round": 10,
          "real": 0.9556,
          "coverage": 148,
          "degen": 0.0
        }
      ]
    },
    {
      "seed": 1,
      "npar": 201280,
      "secs": 201.42,
      "base": {
        "real_acc": 0.03333333333333333,
        "weak_acc": 0.03333333333333333,
        "degenerate": 0.0
      },
      "plain": [
        {
          "round": 0,
          "real": 0.0333,
          "coverage": 0,
          "degen": 0.0
        },
        {
          "round": 1,
          "real": 0.0778,
          "coverage": 31,
          "degen": 0.0
        },
        {
          "round": 2,
          "real": 0.1667,
          "coverage": 48,
          "degen": 0.0
        },
        {
          "round": 3,
          "real": 0.1667,
          "coverage": 61,
          "degen": 0.0
        },
        {
          "round": 4,
          "real": 0.2333,
          "coverage": 70,
          "degen": 0.0
        },
        {
          "round": 5,
          "real": 0.3444,
          "coverage": 71,
          "degen": 0.0
        },
        {
          "round": 6,
          "real": 0.4111,
          "coverage": 79,
          "degen": 0.0
        },
        {
          "round": 7,
          "real": 0.4222,
          "coverage": 85,
          "degen": 0.0
        },
        {
          "round": 8,
          "real": 0.4444,
          "coverage": 88,
          "degen": 0.0
        },
        {
          "round": 9,
          "real": 0.4222,
          "coverage": 89,
          "degen": 0.0
        },
        {
          "round": 10,
          "real": 0.4889,
          "coverage": 91,
          "degen": 0.0
        }
      ],
      "guarded": [
        {
          "round": 0,
          "real": 0.0333,
          "coverage": 0,
          "degen": 0.0
        },
        {
          "round": 1,
          "real": 0.6,
          "coverage": 31,
          "degen": 0.0
        },
        {
          "round": 2,
          "real": 0.7556,
          "coverage": 129,
          "degen": 0.0
        },
        {
          "round": 3,
          "real": 0.8889,
          "coverage": 134,
          "degen": 0.0
        },
        {
          "round": 4,
          "real": 0.9,
          "coverage": 142,
          "degen": 0.0
        },
        {
          "round": 5,
          "real": 0.8556,
          "coverage": 142,
          "degen": 0.0
        },
        {
          "round": 6,
          "real": 0.9,
          "coverage": 142,
          "degen": 0.0
        },
        {
          "round": 7,
          "real": 0.9111,
          "coverage": 142,
          "degen": 0.0
        },
        {
          "round": 8,
          "real": 0.8889,
          "coverage": 142,
          "degen": 0.0
        },
        {
          "round": 9,
          "real": 0.8333,
          "coverage": 142,
          "degen": 0.0
        },
        {
          "round": 10,
          "real": 0.8778,
          "coverage": 142,
          "degen": 0.0
        }
      ]
    },
    {
      "seed": 2,
      "npar": 201280,
      "secs": 202.6,
      "base": {
        "real_acc": 0.06666666666666667,
        "weak_acc": 0.06666666666666667,
        "degenerate": 0.0
      },
      "plain": [
        {
          "round": 0,
          "real": 0.0667,
          "coverage": 0,