{
  "exp": "exp026_ttc_allocation",
  "cycle": 40,
  "hypothesis": "H-V4-1e",
  "claim": "el valor de controlabilidad/consecuencia (empowerment) asigna cómputo test-time mejor que azar y que predicción-pasiva, a igual presupuesto, sobre el modelo propio del lab",
  "verdict": "APOYADA",
  "stats": {
    "scarce_avg": 3,
    "scarce": {
      "consequence": 0.5625,
      "uniform": 0.50625,
      "passive": 0.4895833333333333,
      "d_vs_uniform": 0.05625000000000002,
      "d_vs_passive": 0.07291666666666669,
      "two_sigma": 0.045285552331842
    },
    "curve": {
      "2": {
        "consequence": 0.4166666666666667,
        "uniform": 0.41250000000000003,
        "passive": 0.4166666666666667,
        "d_vs_uniform": 0.004166666666666652,
        "d_vs_passive": 0.0,
        "two_sigma": 0.04500514373894347
      },
      "3": {
        "consequence": 0.5625,
        "uniform": 0.50625,
        "passive": 0.4895833333333333,
        "d_vs_uniform": 0.05625000000000002,
        "d_vs_passive": 0.07291666666666669,
        "two_sigma": 0.045285552331842
      },
      "4": {
        "consequence": 0.6083333333333333,
        "uniform": 0.58125,
        "passive": 0.55,
        "d_vs_uniform": 0.027083333333333237,
        "d_vs_passive": 0.05833333333333324,
        "two_sigma": 0.04455931336328476
      },
      "6": {
        "consequence": 0.6874999999999999,
        "uniform": 0.7000000000000001,
        "passive": 0.6270833333333333,
        "d_vs_uniform": -0.012500000000000178,
        "d_vs_passive": 0.06041666666666656,
        "two_sigma": 0.04231270002414563
      },
      "8": {
        "consequence": 0.7020833333333334,
        "uniform": 0.7354166666666666,
        "passive": 0.6333333333333333,
        "d_vs_uniform": -0.033333333333333215,
        "d_vs_passive": 0.06875000000000009,
        "two_sigma": 0.041749483668353
      }
    },
    "n_seeds_used": 4,
    "n_in_band": 4
  },
  "args": {
    "smoke": false,
    "seeds": "0,1,2,3",
    "M": 160,
    "budgets": "2,3,4,6,8",
    "n_probe": 2,
    "top_k": 16,
    "temperature": 1.0,
    "margin": 0.03,
    "n_seed": 256,
    "base_steps": 600,
    "base_lr": 0.001,
    "warmup": 50,
    "batch": 32,
    "lo": 0,
    "hi": 19,
    "test_frac": 0.3
  },
  "budgets": [
    2,
    3,
    4,
    6,
    8
  ],
  "seeds": [
    {
      "seed": 0,
      "greedy_acc": 0.21666666666666667,
      "in_band": true,
      "M": 120,
      "npar": 201280,
      "secs": 49.92,
      "by_budget": {
        "2": {
          "uniform": 0.35833333333333334,
          "passive": 0.35833333333333334,
          "consequence": 0.35833333333333334
        },
        "3": {
          "uniform": 0.4,
          "passive": 0.39166666666666666,
          "consequence": 0.4583333333333333
        },
        "4": {
          "uniform": 0.45,
          "passive": 0.425,
          "consequence": 0.5083333333333333
        },
        "6": {
          "uniform": 0.6416666666666667,
          "passive": 0.55,
          "consequence": 0.6166666666666667
        },
        "8": {
          "uniform": 0.6083333333333333,
          "passive": 0.525,
          "consequence": 0.6166666666666667
        }
      }
    },
    {
      "seed": 1,
      "greedy_acc": 0.26666666666666666,
      "in_band": true,
      "M": 120,
      "npar": 201280,
      "secs": 50.57,
      "by_budget": {
        "2": {
          "uniform": 0.35833333333333334,
          "passive": 0.4583333333333333,
          "consequence": 0.3333333333333333
        },
        "3": {
          "uniform": 0.4666666666666667,
          "passive": 0.45,
          "consequence": 0.49166666666666664
        },
        "4": {
          "uniform": 0.5916666666666667,
          "passive": 0.5333333333333333,
          "consequence": 0.5416666666666666
        },
        "6": {
          "uniform": 0.6833333333333333,
          "passive": 0.5833333333333334,
          "consequence": 0.6666666666666666
        },
        "8": {
          "uniform": 0.7333333333333333,
          "passive": 0.6583333333333333,
          "consequence": 0.7083333333333334
        }
      }
    },
    {
      "seed": 2,
      "greedy_acc": 0.4166666666666667,
      "in_band": true,
      "M": 120,
      "npar": 201280,
      "secs": 49.55,
      "by_budget": {
        "2": {
          "uniform": 0.5,
          "passive": 0.49166666666666664,
          "consequence": 0.5583333333333333
        },
        "3": {
          "uniform": 0.6166666666666667,
          "passive": 0.6916666666666667,
          "consequence": 0.6916666666666667
        },
        "4": {
          "uniform": 0.7416666666666667,
          "passive": 0.675,
          "consequence": 0.725
        },
        "6": {
          "uniform": 0.75,
          "passive": 0.7333333333333333,
          "consequence": 0.8
        },
        "8": {
          "uniform": 0.8666666666666667,
          "passive": 0.7166666666666667,
          "consequence": 0.7916666666666666
        }
      }
    },
    {
      "seed": 3,
      "greedy_acc": 0.36666666666666664,
      "in_band": true,
      "M": 120,
      "npar": 201280,
      "secs": 50.24,
      "by_budget": {
        "2": {
          "uniform": 0.43333333333333335,
          "passive": 0.35833333333333334,
          "consequence": 0.4166666666666667
        },
        "3": {
          "uniform": 0.5416666666666666,
          "passive": 0.425,
          "consequence": 0.6083333333333333
        },
        "4": {
          "uniform": 0.5416666666666666,
          "passive": 0.5666666666666667,
          "consequence": 0.6583333333333333
        },
        "6": {
          "uniform": 0.725,
          "passive": 0.6416666666666667,
          "consequence": 0.6666666666666666
        },
        "8": {
          "uniform": 0.7333333333333333,
          "passive": 0.6333333333333333,
          "consequence": 0.6916666666666667
        }
      }
    }
  ],
  "platform": {
    "python": "3.12.10",
    "numpy": "2.4.6",
    "torch": "2.12.0+cpu"
  },