{
  "exp": "exp029_adaptive_allocation",
  "cycle": 43,
  "hypothesis": "H-V4-1h",
  "claim": "una política adaptativa que estima la fiabilidad del verificador y mezcla control verifier-dependiente/verifier-free logra no-regret (lo mejor de ambas) en todos los regímenes",
  "verdict": "APOYADA",
  "stats": {
    "lo": 0.0,
    "hi": 0.2,
    "curve": {
      "0.0": {
        "consequence_v": 0.6895833333333333,
        "consequence_free": 0.6208333333333333,
        "adapt": 0.6875000000000001,
        "oracle_best": 0.6895833333333333,
        "r_est": 1.0,
        "greedy": 0.31666666666666665
      },
      "0.1": {
        "consequence_v": 0.5270833333333333,
        "consequence_free": 0.55,
        "adapt": 0.5354166666666667,
        "oracle_best": 0.55,
        "r_est": 0.6083333333333334,
        "greedy": 0.31666666666666665
      },
      "0.2": {
        "consequence_v": 0.4145833333333333,
        "consequence_free": 0.4145833333333333,
        "adapt": 0.43749999999999994,
        "oracle_best": 0.4354166666666667,
        "r_est": 0.3902777777777778,
        "greedy": 0.31666666666666665
      }
    },
    "keeps_edge_at_lo": true,
    "escapes_collapse_at_hi": true,
    "r_drops_with_noise": true,
    "worst_regret_vs_min": 0.008333333333333304,
    "two_sigma": 0.04231270002414562,
    "n_seeds_used": 4,
    "n_in_band": 4
  },
  "args": {
    "smoke": false,
    "seeds": "0,1,2,3",
    "M": 120,
    "avg": 5,
    "n_probe": 3,
    "noises": "0,0.1,0.2",
    "top_k": 16,
    "temperature": 1.0,
    "margin": 0.02,
    "n_seed": 256,
    "base_steps": 600,
    "base_lr": 0.001,
    "warmup": 50,
    "batch": 32,
    "lo": 0,
    "hi": 19,
    "test_frac": 0.3
  },
  "noises": [
    0.0,
    0.1,
    0.2
  ],
  "seeds": [
    {
      "seed": 0,
      "greedy_acc": 0.21666666666666667,
      "in_band": true,
      "M": 120,
      "B": 600,
      "npar": 201280,
      "secs": 32.37,
      "by_noise": {
        "0.0": {
          "consequence_v": 0.55,
          "consequence_free": 0.5166666666666667,
          "adapt": 0.55,
          "greedy": 0.21666666666666667,
          "r_est": 1.0,
          "oracle_best": 0.55
        },
        "0.1": {
          "consequence_v": 0.4166666666666667,
          "consequence_free": 0.45,
          "adapt": 0.38333333333333336,
          "greedy": 0.21666666666666667,
          "r_est": 0.6055555555555556,
          "oracle_best": 0.45
        },
        "0.2": {
          "consequence_v": 0.35833333333333334,
          "consequence_free": 0.31666666666666665,
          "adapt": 0.35,
          "greedy": 0.21666666666666667,
          "r_est": 0.40555555555555545,
          "oracle_best": 0.35833333333333334
        }
      }
    },
    {
      "seed": 1,
      "greedy_acc": 0.26666666666666666,
      "in_band": true,
      "M": 120,
      "B": 600,
      "npar": 201280,
      "secs": 33.06,
      "by_noise": {
        "0.0": {
          "consequence_v": 0.6833333333333333,
          "consequence_free": 0.6333333333333333,
          "adapt": 0.6916666666666667,
          "greedy": 0.26666666666666666,
          "r_est": 1.0,
          "oracle_best": 0.6833333333333333
        },
        "0.1": {
          "consequence_v": 0.48333333333333334,
          "consequence_free": 0.5,
          "adapt": 0.49166666666666664,
          "greedy": 0.26666666666666666,
          "r_est": 0.5944444444444446,
          "oracle_best": 0.5
        },
        "0.2": {
          "consequence_v": 0.4083333333333333,
          "consequence_free": 0.44166666666666665,
          "adapt": 0.49166666666666664,
          "greedy": 0.26666666666666666,
          "r_est": 0.3944444444444444,
          "oracle_best": 0.44166666666666665
        }
      }
    },
    {
      "seed": 2,
      "greedy_acc": 0.4166666666666667,
      "in_band": true,
      "M": 120,
      "B": 600,
      "npar": 201280,
      "secs": 32.03,
      "by_noise": {
        "0.0": {
          "consequence_v": 0.7583333333333333,
          "consequence_free": 0.7083333333333334,
          "adapt": 0.8,
          "greedy": 0.4166666666666667,
          "r_est": 1.0,
          "oracle_best": 0.7583333333333333
        },
        "0.1": {
          "consequence_v": 0.675,
          "consequence_free": 0.6916666666666667,
          "adapt": 0.6583333333333333,
          "greedy": 0.4166666666666667,
          "r_est": 0.6111111111111112,
          "oracle_best": 0.6916666666666667
        },
        "0.2": {
          "consequence_v": 0.4583333333333333,
          "consequence_free": 0.5083333333333333,
          "adapt": 0.4666666666666667,
          "greedy": 0.4166666666666667,
          "r_est": 0.41666666666666674,
          "oracle_best": 0.5083333333333333
        }
      }
    },
    {
      "seed": 3,
      "greedy_acc": 0.36666666666666664,
      "in_band": true,
      "M": 120,
      "B": 600,
      "npar": 201280,
      "secs": 32.93,
      "by_noise": {
        "0.0": {
          "consequence_v": 0.7666666666666667,
          "consequence_free": 0.625,
          "adapt": 0.7083333333333334,
          "greedy": 0.36666666666666664,
          "r_est": 1.0,
          "oracle_best": 0.7666666666666667
        },
        "0.1": {
          "consequence_v": 0.5333333333333333,
          "consequence_free": 0.5583333333333333,
          "adapt": 0.6083333333333333,
          "greedy": 0.36666666666666664,
          "r_est": 0.6222222222222222,
          "oracle_best": 0.5583333333333333
        },
        "0.2": {
          "consequence_v": 0.43333333333333335,
          "consequence_free": 0.39166666666666666,
          "adapt": 0.44166666666666665,
          "greedy": 0.36666666666666664,
          "r_est": 0.34444444444444455,
          "oracle_best": 0.43333333333333335
        }
      }
    }
  ],
  "platform": {
    "python": "3.12.10",
    "numpy": "2.4.6",
    "torch": "2.12.0+cpu"
  },