{
  "exp": "exp031_adaptive_perstep",
  "cycle": 45,
  "hypothesis": "H-V4-1j",
  "claim": "asignar el presupuesto de cómputo por paso de forma adaptativa (gastar-hasta-verificar con pool compartido) rescata cadenas largas vs presupuesto por-paso fijo, a igual cómputo total",
  "verdict": "MIXTA",
  "stats": {
    "Kmax": 8,
    "curve": {
      "2": {
        "uniform": 0.44583333333333336,
        "adaptive": 0.5979166666666667,
        "gain": 0.1520833333333333
      },
      "4": {
        "uniform": 0.18958333333333333,
        "adaptive": 0.42291666666666666,
        "gain": 0.23333333333333334
      },
      "6": {
        "uniform": 0.11875,
        "adaptive": 0.33333333333333337,
        "gain": 0.21458333333333338
      },
      "8": {
        "uniform": 0.058333333333333334,
        "adaptive": 0.23958333333333331,
        "gain": 0.18124999999999997
      }
    },
    "gains_grow": false,
    "gain_at_Kmax": 0.18124999999999997,
    "big_at_max": true,
    "n_seeds": 4
  },
  "args": {
    "smoke": false,
    "seeds": "0,1,2,3",
    "M": 120,
    "avg": 4,
    "per_step_cap": 10,
    "Ks": "2,4,6,8",
    "top_k": 16,
    "temperature": 1.0,
    "margin": 0.03,
    "n_seed": 256,
    "base_steps": 600,
    "base_lr": 0.001,
    "warmup": 50,
    "batch": 32,
    "lo": 0,
    "hi": 19,
    "test_frac": 0.3
  },
  "Ks": [
    2,
    4,
    6,
    8
  ],
  "seeds": [
    {
      "seed": 0,
      "npar": 201280,
      "secs": 89.07,
      "by_K": {
        "2": {
          "uniform": 0.3,
          "adaptive": 0.4166666666666667,
          "gain": 0.1166666666666667
        },
        "4": {
          "uniform": 0.075,
          "adaptive": 0.24166666666666667,
          "gain": 0.16666666666666669
        },
        "6": {
          "uniform": 0.041666666666666664,
          "adaptive": 0.19166666666666668,
          "gain": 0.15000000000000002
        },
        "8": {
          "uniform": 0.0,
          "adaptive": 0.08333333333333333,
          "gain": 0.08333333333333333
        }
      }
    },
    {
      "seed": 1,
      "npar": 201280,
      "secs": 89.28,
      "by_K": {
        "2": {
          "uniform": 0.49166666666666664,
          "adaptive": 0.6416666666666667,
          "gain": 0.15000000000000008
        },
        "4": {
          "uniform": 0.23333333333333334,
          "adaptive": 0.5083333333333333,
          "gain": 0.27499999999999997
        },
        "6": {
          "uniform": 0.1,
          "adaptive": 0.35,
          "gain": 0.24999999999999997
        },
        "8": {
          "uniform": 0.03333333333333333,
          "adaptive": 0.20833333333333334,
          "gain": 0.17500000000000002
        }
      }
    },
    {
      "seed": 2,
      "npar": 201280,
      "secs": 90.0,
      "by_K": {
        "2": {
          "uniform": 0.575,
          "adaptive": 0.7166666666666667,
          "gain": 0.14166666666666672
        },
        "4": {
          "uniform": 0.35,
          "adaptive": 0.625,
          "gain": 0.275
        },
        "6": {
          "uniform": 0.23333333333333334,
          "adaptive": 0.55,
          "gain": 0.3166666666666667
        },
        "8": {
          "uniform": 0.125,
          "adaptive": 0.4666666666666667,
          "gain": 0.3416666666666667
        }
      }
    },
    {
      "seed": 3,
      "npar": 201280,
      "secs": 88.91,
      "by_K": {
        "2": {
          "uniform": 0.4166666666666667,
          "adaptive": 0.6166666666666667,
          "gain": 0.2
        },
        "4": {
          "uniform": 0.1,
          "adaptive": 0.31666666666666665,
          "gain": 0.21666666666666665
        },
        "6": {
          "uniform": 0.1,
          "adaptive": 0.24166666666666667,
          "gain": 0.14166666666666666
        },
        "8": {
          "uniform": 0.075,
          "adaptive": 0.2,
          "gain": 0.125
        }
      }
    }
  ],
  "platform": {
    "python": "3.12.10",
    "numpy": "2.4.6",
    "torch": "2.12.0+cpu"
  },
  "log": [
    "[exp031] CYCLE 45 / H-V4-1j — presupuesto ADAPTATIVO per-step (gastar-hasta-verificar) en cadenas largas",
    "[exp031] cadena mod 20, M=120 avg=4 (B=avg·K) cap=10 Ks=[2, 4, 6, 8] seeds=[0, 1, 2, 3]",
    "[exp031]   seed=0 K=2: UNIFORME=0.300 ADAPT=0.417 gain=+0.117",
    "[exp031]   seed=0 K=4: UNIFORME=0.075 ADAPT=0.242 gain=+0.167",
    "[exp031]   seed=0 K=6: UNIFORME=0.042 ADAPT=0.192 gain=+0.150",
    "[exp031]   seed=0 K=8: UNIFORME=0.000 ADAPT=0.083 gain=+0.083",
    "[exp031] seed=0 89.1s npar=201280",
    "[exp031]   seed=1 K=2: UNIFORME=0.492 ADAPT=0.642 gain=+0.150",
    "[exp031]   seed=1 K=4: UNIFORME=0.233 ADAPT=0.508 gain=+0.275",
    "[exp031]   seed=1 K=6: UNIFORME=0.100 ADAPT=0.350 gain=+0.250",
    "[exp031]   seed=1 K=8: UNIFORME=0.033 ADAPT=0.208 gain=+0.175",
    "[exp031] seed=1 89.3s npar=201280",
    "[exp031]   seed=2 K=2: UNIFORME=0.575 ADAPT=0.717 gain=+0.142",
    "[exp031]   seed=2 K=4: UNIFORME=0.350 ADAPT=0.625 gain=+0.275",
    "[exp031]   seed=2 K=6: UNIFORME=0.233 ADAPT=0.550 gain=+0.317",
    "[exp031]   seed=2 K=8: UNIFORME=0.125 ADAPT=0.467 gain=+0.342",
    "[exp031] seed=2 90.0s npar=201280",
    "[exp031]   seed=3 K=2: UNIFORME=0.417 ADAPT=0.617 gain=+0.200",
    "[exp031]   seed=3 K=4: UNIFORME=0.100 ADAPT=0.317 gain=+0.217",
    "[exp031]   seed=3 K=6: UNIFORME=0.100 ADAPT=0.242 gain=+0.142",
    "[exp031]   seed=3 K=8: UNIFORME=0.075 ADAPT=0.200 gain=+0.125",
    "[exp031] seed=3 88.9s npar=201280",
    "[exp031] VEREDICTO H-V4-1j: MIXTA | gain@K=8=+0.181 (req>=0.03) crece=False",
    "[exp031] CURVA K->UNIFORME/ADAPT/gain: K2:0.446/0.598/+0.152 | K4:0.190/0.423/+0.233 | K6:0.119/0.333/+0.215 | K8:0.058/0.240/+0.181"
  ]
}